sample_id,species,treatment,batch,time_h,gene_a,gene_b,gene_c,growth_rate,response
S01,E_coli,control,batch_1,0,5.1,2.0,7.2,0.91,sensitive
S02,E_coli,drug,batch_1,24,8.2,3.8,6.1,0.42,resistant
S03,E_coli,control,batch_1,24,5.5,2.2,7.0,0.88,sensitive
S04,E_coli,drug,batch_1,24,9.0,4.1,5.8,0.35,resistant
S05,B_subtilis,control,batch_1,0,4.8,2.7,8.0,0.82,sensitive
S06,B_subtilis,drug,batch_1,24,7.1,3.5,6.9,0.51,resistant
S07,B_subtilis,control,batch_1,24,4.9,2.5,8.1,0.85,sensitive
S08,B_subtilis,drug,batch_1,24,7.6,3.9,6.5,0.47,resistant
S09,E_coli,drug,batch_2,48,8.5,4.0,6.0,0.39,resistant
S10,E_coli,control,batch_2,48,5.2,2.1,7.3,0.90,sensitive
S11,B_subtilis,drug,batch_2,48,,3.7,6.7,0.49,resistant
S12,B_subtilis,control,batch_2,48,4.7,2.6,8.2,0.87,sensitive
S13,P_aeruginosa,control,batch_2,0,6.2,2.9,7.8,0.78,sensitive
S14,P_aeruginosa,drug,batch_2,24,9.4,4.5,5.6,0.31,resistant
S15,P_aeruginosa,control,batch_2,24,6.0,3.0,7.7,0.80,sensitive
S16,P_aeruginosa,drug,batch_2,48,9.7,4.7,5.4,0.28,resistant
S17,E_coli,Control,batch_3,0,5.3,2.2,7.1,0.89,sensitive
S18,E_coli,drug,batch_3,48,8.8,4.2,5.9,0.37,resistant
S19,B_subtilis,control,batch_3,24,4.6,2.4,,0.86,sensitive
S20,B_subtilis,Drug,batch_3,48,7.8,3.8,6.4,0.46,resistant
S21,P_aeruginosa,control,batch_3,24,6.1,3.1,7.6,0.79,sensitive
S22,P_aeruginosa,drug,batch_3,48,not_recorded,4.8,5.3,0.27,resistant
S23,P_aeruginosa,control,batch_3,48,6.3,3.0,7.9,0.81,sensitive
S24,P_aeruginosa,drug,batch_3,24,9.5,35.0,5.5,0.30,resistant
S25,E_coli,control,batch_1,0,5.0,2.0,7.4,0.92,sensitive
S26,E_coli,drug,batch_1,24,8.4,3.9,6.2,0.40,resistant
S27,B_subtilis,control,batch_2,0,4.8,2.5,8.0,0.84,sensitive
S28,B_subtilis,drug,batch_2,24,7.4,3.6,6.6,-0.20,resistant
S29,P_aeruginosa,control,batch_3,0,6.4,3.2,7.5,0.77,sensitive
S29,P_aeruginosa,drug,batch_3,24,9.6,4.6,5.2,0.29,resistant
