read_id	replicon	fragment_start_1based	fragment_end_1based	insert_size
sample01_read0001	chr1	5908	6134	227
sample01_read0002	chr1	1838	2073	236
sample01_read0003	chr1	4669	4862	194
sample01_read0004	chr1	8750	8975	226
sample01_read0005	chr1	10982	11237	256
sample01_read0006	chr1	10490	10676	187
sample01_read0007	chr1	9883	10077	195
sample01_read0008	chr1	7412	7619	208
sample01_read0009	chr1	6118	6302	185
sample01_read0010	chr1	236	428	193
sample01_read0011	chr1	9344	9544	201
sample01_read0012	chr1	2040	2231	192
sample01_read0013	chr1	9104	9357	254
sample01_read0014	chr1	4949	5191	243
sample01_read0015	chr1	6201	6449	249
sample01_read0016	chr1	11728	11954	227
sample01_read0017	chr1	8284	8509	226
sample01_read0018	chr1	2778	2980	203
sample01_read0019	chr1	4893	5089	197
sample01_read0020	chr1	6672	6918	247
sample01_read0021	chr1	10440	10637	198
sample01_read0022	chr1	11645	11897	253
sample01_read0023	chr1	8716	8896	181
sample01_read0024	chr1	7814	8002	189
sample01_read0025	chr1	5381	5639	259
sample01_read0026	chr1	10850	11066	217
sample01_read0027	chr1	8870	9080	211
sample01_read0028	chr1	9710	9898	189
sample01_read0029	chr1	6199	6397	199
sample01_read0030	chr1	10056	10309	254
sample01_read0031	chr1	4878	5080	203
sample01_read0032	chr1	9820	10058	239
sample01_read0033	chr1	10274	10485	212
sample01_read0034	chr1	10590	10836	247
sample01_read0035	chr1	8900	9132	233
sample01_read0036	chr1	11506	11740	235
sample01_read0037	chr1	900	1121	222
sample01_read0038	chr1	2156	2400	245
sample01_read0039	chr1	3728	3957	230
sample01_read0040	chr1	6558	6816	259
sample01_read0041	chr1	2310	2538	229
sample01_read0042	chr1	2992	3251	260
sample01_read0043	chr1	1787	1969	183
sample01_read0044	chr1	2770	2994	225
sample01_read0045	chr1	11285	11469	185
sample01_read0046	chr1	3123	3324	202
sample01_read0047	chr1	4511	4768	258
sample01_read0048	chr1	3682	3937	256
sample01_read0049	chr1	11138	11335	198
sample01_read0050	chr1	5256	5511	256
sample01_read0051	chr1	5038	5226	189
sample01_read0052	chr1	220	476	257
sample01_read0053	chr1	10100	10340	241
sample01_read0054	chr1	10195	10418	224
sample01_read0055	chr1	828	1012	185
sample01_read0056	chr1	2571	2776	206
sample01_read0057	chr1	11437	11639	203
sample01_read0058	chr1	1741	1953	213
sample01_read0059	chr1	11081	11271	191
sample01_read0060	chr1	1031	1262	232
sample01_read0061	chr1	7384	7583	200
sample01_read0062	chr1	10240	10483	244
sample01_read0063	chr1	3592	3844	253
sample01_read0064	chr1	9423	9620	198
sample01_read0065	chr1	11732	11970	239
sample01_read0066	chr1	4459	4678	220
sample01_read0067	chr1	1185	1377	193
sample01_read0068	chr1	10014	10270	257
sample01_read0069	chr1	5977	6235	259
sample01_read0070	chr1	4951	5176	226
sample01_read0071	chr1	7585	7844	260
sample01_read0072	chr1	4579	4772	194
sample01_read0073	chr1	2332	2543	212
sample01_read0074	chr1	4253	4456	204
sample01_read0075	chr1	5344	5541	198
sample01_read0076	chr1	10886	11099	214
sample01_read0077	chr1	11259	11460	202
sample01_read0078	chr1	11261	11447	187
sample01_read0079	chr1	8075	8257	183
sample01_read0080	chr1	5904	6090	187
sample01_read0081	chr1	3242	3444	203
sample01_read0082	chr1	5202	5428	227
sample01_read0083	chr1	10380	10572	193
sample01_read0084	chr1	3910	4096	187
sample01_read0085	chr1	6135	6394	260
sample01_read0086	chr1	3828	4046	219
sample01_read0087	chr1	10844	11091	248
sample01_read0088	chr1	82	300	219
sample01_read0089	chr1	9510	9765	256
sample01_read0090	chr1	3987	4166	180
sample01_read0091	chr1	2084	2275	192
sample01_read0092	chr1	4539	4725	187
sample01_read0093	chr1	49	277	229
sample01_read0094	chr1	9277	9493	217
sample01_read0095	chr1	7946	8150	205
sample01_read0096	chr1	974	1194	221
sample01_read0097	chr1	5481	5671	191
sample01_read0098	chr1	5921	6141	221
sample01_read0099	chr1	6193	6408	216
sample01_read0100	chr1	10221	10403	183
sample01_read0101	chr1	5770	6016	247
sample01_read0102	chr1	9240	9432	193
sample01_read0103	chr1	10318	10552	235
sample01_read0104	chr1	4469	4722	254
sample01_read0105	chr1	8810	9058	249
sample01_read0106	chr1	10098	10315	218
sample01_read0107	chr1	1763	2022	260
sample01_read0108	chr1	9776	9977	202
sample01_read0109	chr1	2430	2622	193
sample01_read0110	chr1	1023	1254	232
sample01_read0111	chr1	5934	6157	224
sample01_read0112	chr1	11554	11801	248
sample01_read0113	chr1	4906	5153	248
sample01_read0114	chr1	118	345	228
sample01_read0115	chr1	7850	8060	211
sample01_read0116	chr1	5315	5554	240
sample01_read0117	chr1	2514	2716	203
sample01_read0118	chr1	6940	7166	227
sample01_read0119	chr1	863	1113	251
sample01_read0120	chr1	8184	8371	188
sample01_read0121	chr1	203	454	252
sample01_read0122	chr1	3894	4136	243
sample01_read0123	chr1	9147	9384	238
sample01_read0124	chr1	2767	3017	251
sample01_read0125	chr1	7300	7531	232
sample01_read0126	chr1	10471	10698	228
sample01_read0127	chr1	5311	5520	210
sample01_read0128	chr1	8568	8781	214
sample01_read0129	chr1	6677	6860	184
sample01_read0130	chr1	1407	1628	222
sample01_read0131	chr1	9160	9415	256
sample01_read0132	chr1	3876	4128	253
sample01_read0133	chr1	304	546	243
sample01_read0134	chr1	7575	7831	257
sample01_read0135	chr1	7297	7532	236
sample01_read0136	chr1	1061	1276	216
sample01_read0137	chr1	3494	3730	237
sample01_read0138	chr1	5442	5701	260
sample01_read0139	chr1	2747	2953	207
sample01_read0140	chr1	10046	10254	209
sample01_read0141	chr2	5559	5789	231
sample01_read0142	chr2	7714	7968	255
sample01_read0143	chr2	6556	6742	187
sample01_read0144	chr2	7958	8201	244
sample01_read0145	chr2	1580	1771	192
sample01_read0146	chr2	8245	8452	208
sample01_read0147	chr2	7237	7444	208
sample01_read0148	chr2	7719	7963	245
sample01_read0149	chr2	185	410	226
sample01_read0150	chr2	343	531	189
sample01_read0151	chr2	4365	4562	198
sample01_read0152	chr2	7577	7816	240
sample01_read0153	chr2	6072	6291	220
sample01_read0154	chr2	125	346	222
sample01_read0155	chr2	239	422	184
sample01_read0156	chr2	1339	1539	201
sample01_read0157	chr2	6984	7215	232
sample01_read0158	chr2	6259	6445	187
sample01_read0159	chr2	8423	8670	248
sample01_read0160	chr2	25	280	256
sample01_read0161	chr2	3090	3330	241
sample01_read0162	chr2	8281	8505	225
sample01_read0163	chr2	5462	5689	228
sample01_read0164	chr2	7198	7407	210
sample01_read0165	chr2	8073	8310	238
sample01_read0166	chr2	954	1146	193
sample01_read0167	chr2	6564	6815	252
sample01_read0168	chr2	8459	8645	187
sample01_read0169	chr2	7443	7670	228
sample01_read0170	chr2	7588	7809	222
sample01_read0171	chr2	2265	2506	242
sample01_read0172	chr2	3336	3525	190
sample01_read0173	chr2	3234	3415	182
sample01_read0174	chr2	4609	4795	187
sample01_read0175	chr2	1528	1750	223
sample01_read0176	chr2	785	973	189
sample01_read0177	chr2	8226	8458	233
sample01_read0178	chr2	6250	6447	198
sample01_read0179	chr2	6642	6896	255
sample01_read0180	chr2	1996	2193	198
sample01_read0181	chr2	4377	4626	250
sample01_read0182	chr2	8610	8868	259
sample01_read0183	chr2	1426	1627	202
sample01_read0184	chr2	4562	4763	202
sample01_read0185	chr2	8384	8610	227
sample01_read0186	chr2	637	849	213
sample01_read0187	chr2	860	1083	224
sample01_read0188	chr2	3514	3737	224
sample01_read0189	chr2	4695	4931	237
sample01_read0190	chr2	1730	1959	230
sample01_read0191	chr2	798	1032	235
sample01_read0192	chr2	4230	4438	209
sample01_read0193	chr2	2775	3017	243
sample01_read0194	chr2	8417	8655	239
sample01_read0195	chr2	2383	2565	183
sample01_read0196	chr2	6711	6905	195
sample01_read0197	chr2	8269	8484	216
sample01_read0198	chr2	1270	1467	198
sample01_read0199	chr2	5442	5649	208
sample01_read0200	chr2	2677	2893	217
sample01_read0201	chr2	6748	6986	239
sample01_read0202	chr2	282	497	216
sample01_read0203	chr2	7268	7449	182
sample01_read0204	chr2	6264	6463	200
sample01_read0205	chr2	8440	8685	246
sample01_read0206	chr2	7452	7656	205
sample01_read0207	chr2	4139	4336	198
sample01_read0208	chr2	3592	3773	182
sample01_read0209	chr2	5003	5220	218
sample01_read0210	chr2	377	630	254
sample01_read0211	chr2	6399	6634	236
sample01_read0212	chr2	1533	1716	184
sample01_read0213	chr2	605	796	192
sample01_read0214	chr2	6507	6740	234
sample01_read0215	chr2	5461	5667	207
sample01_read0216	chr2	1891	2128	238
sample01_read0217	chr2	2375	2577	203
sample01_read0218	chr2	559	787	229
sample01_read0219	chr2	7656	7874	219
sample01_read0220	chr2	1335	1514	180
sample01_read0221	chr2	5344	5530	187
sample01_read0222	chr2	4398	4591	194
sample01_read0223	chr2	4638	4859	222
sample01_read0224	chr2	1884	2083	200
sample01_read0225	chr2	2640	2859	220
sample01_read0226	chr2	2042	2300	259
sample01_read0227	chr2	5828	6009	182
sample01_read0228	chr2	1473	1662	190
sample01_read0229	chr2	417	648	232
sample01_read0230	chr2	7358	7571	214
sample01_read0231	chr2	5712	5901	190
sample01_read0232	chr2	3700	3928	229
sample01_read0233	chr2	2665	2924	260
sample01_read0234	chr2	8355	8587	233
sample01_read0235	chr2	1157	1344	188
sample01_read0236	chr2	5594	5804	211
sample01_read0237	chr2	2606	2858	253
sample01_read0238	chr2	2277	2523	247
sample01_read0239	chr2	5659	5890	232
sample01_read0240	chr2	1263	1503	241
sample01_read0241	chr2	435	688	254
sample01_read0242	chr2	1863	2069	207
sample01_read0243	chr2	8148	8375	228
sample01_read0244	chr2	5488	5725	238
sample01_read0245	chr2	6873	7113	241
sample01_read0246	plasmidA	673	882	210
sample01_read0247	plasmidA	1712	1913	202
sample01_read0248	plasmidA	1133	1326	194
sample01_read0249	plasmidA	1946	2196	251
sample01_read0250	plasmidA	3695	3900	206
sample01_read0251	plasmidA	1086	1314	229
sample01_read0252	plasmidA	1968	2226	259
sample01_read0253	plasmidA	4459	4654	196
sample01_read0254	plasmidA	2880	3096	217
sample01_read0255	plasmidA	35	260	226
sample01_read0256	plasmidA	2248	2482	235
sample01_read0257	plasmidA	3888	4105	218
sample01_read0258	plasmidA	4110	4307	198
sample01_read0259	plasmidA	1622	1846	225
sample01_read0260	plasmidA	703	947	245
sample01_read0261	plasmidA	4359	4550	192
sample01_read0262	plasmidA	1477	1715	239
sample01_read0263	plasmidA	1083	1281	199
sample01_read0264	plasmidA	2541	2744	204
sample01_read0265	plasmidA	2434	2640	207
sample01_read0266	plasmidA	3805	4053	249
sample01_read0267	plasmidA	3451	3668	218
sample01_read0268	plasmidA	1921	2108	188
sample01_read0269	plasmidA	1435	1635	201
sample01_read0270	plasmidA	452	708	257
sample01_read0271	plasmidA	3976	4221	246
sample01_read0272	plasmidA	4063	4256	194
sample01_read0273	plasmidA	1716	1948	233
sample01_read0274	plasmidA	4337	4576	240
sample01_read0275	plasmidA	4318	4532	215
sample01_read0276	plasmidA	3864	4111	248
sample01_read0277	plasmidA	3778	4028	251
sample01_read0278	plasmidA	3166	3392	227
sample01_read0279	plasmidA	845	1056	212
sample01_read0280	plasmidA	785	1000	216
sample01_read0281	plasmidA	1697	1911	215
sample01_read0282	plasmidA	4275	4514	240
sample01_read0283	plasmidA	1259	1490	232
sample01_read0284	plasmidA	2077	2320	244
sample01_read0285	plasmidA	3524	3710	187
sample01_read0286	plasmidA	1345	1561	217
sample01_read0287	plasmidA	3709	3960	252
sample01_read0288	plasmidA	4611	4857	247
sample01_read0289	plasmidA	3433	3615	183
sample01_read0290	plasmidA	2032	2216	185
sample01_read0291	plasmidA	867	1081	215
sample01_read0292	plasmidA	2581	2807	227
sample01_read0293	plasmidA	4246	4486	241
sample01_read0294	plasmidA	4294	4532	239
sample01_read0295	plasmidA	732	923	192
sample01_read0296	plasmidA	416	651	236
sample01_read0297	plasmidA	1855	2069	215
sample01_read0298	plasmidA	3315	3557	243
sample01_read0299	plasmidA	2958	3175	218
sample01_read0300	plasmidA	150	341	192
